pasos,segundos,episodios,accion_brusca,altura,avance,balanceo,caderas,contacto_fase,duracion,orientacion,par,pie_en_el_aire,recompensa,seguir_giro,seguir_velocidad,velocidad_vertical,vivo
4096,2.0,32,-0.059579127724119815,-0.0754816632068299,0.07885802527176254,-0.2989968529995198,-0.021669667367268754,0.9290625000000007,92.96875,-0.20348408664383721,-0.09601402969715159,-0.25150000000000006,1.26344709375,0.34833353985569826,0.8033170170892983,-0.16830487614446898,0.2789062500000002
8192,4.8,38,-0.0739769696696631,-0.0645066912711278,-0.0840593078681775,-0.3407959010138678,-0.02701770234637037,1.1939473684210526,116.15789473684211,-0.2025843423009599,-0.12538145526774053,-0.272421052631579,1.5374552368421048,0.40977542934288674,1.0008147754072814,-0.22481265191310962,0.34847368421052655
12288,7.4,39,-0.065485977515977,-0.07407642021928333,0.09781235774001268,-0.30368257958433803,-0.023627718589084006,1.0805128205128212,100.7948717948718,-0.20031279342869926,-0.09767219064810369,-0.2718769230769231,1.4271592307692307,0.36386827146555156,0.8041425868903173,-0.18482673755896867,0.3023846153846156
16384,10.2,39,-0.06958553654023948,-0.07071306878583537,0.00254092013415099,-0.3182952153081048,-0.02718107927284663,1.1025641025641029,106.92307692307692,-0.1958139046823479,-0.11660322980591818,-0.26127179487179486,1.484074769230769,0.3929783133739287,0.9198830335579513,-0.19519705117373656,0.32076923076923103
20480,13.1,41,-0.060657156174411454,-0.07937991067493297,-0.015088651785913655,-0.2880294700779619,-0.024034131947431304,0.9860975609756104,94.60975609756098,-0.20345535573090315,-0.09555390125341634,-0.23568780487804877,1.1770079268292684,0.32399288117049807,0.7478641789988661,-0.16288955221969154,0.2838292682926831
24576,15.6,41,-0.06821627996164807,-0.0704782420014197,0.27286933419251913,-0.3232499933536656,-0.027556676274214795,1.099512195121952,105.90243902439025,-0.19887532847163397,-0.10819640855692127,-0.2766439024390244,1.7707953902439024,0.4044726482149956,0.9423338496400495,-0.1928831868895771,0.31770731707317096
28672,18.3,39,-0.0695606848878609,-0.06725523509147391,0.2881718098971815,-0.331754346838762,-0.02762349049927364,1.1661538461538465,110.84615384615384,-0.19150456577025085,-0.11335230515256048,-0.2851692307692308,1.8565037179487178,0.390908560045112,0.9725696155144513,-0.20761867329225211,0.3325384615384618
32768,20.8,33,-0.06992696642066377,-0.07002680320055225,-0.09033606525739152,-0.33029865677129927,-0.027913533580942732,1.1545454545454552,109.21212121212122,-0.19704225487697374,-0.10735527954893982,-0.23624242424242428,1.5066123333333332,0.39667073310804746,0.9456810800898029,-0.18877929048480735,0.3276363636363639
36864,23.4,39,-0.07610741700761718,-0.06935647427690125,0.10205034725479648,-0.35602911040456686,-0.030693669934150004,1.2443589743589745,118.15384615384616,-0.19568352604313258,-0.11647164941071626,-0.28508717948717954,1.8623135128205122,0.43008276618008195,1.069422267736953,-0.2086333619620418,0.3544615384615387
40960,26.0,34,-0.06930670803309011,-0.06529198706836375,0.39507306376475904,-0.331078574328157,-0.02976865467569893,1.139411764705883,108.5,-0.18955633971000294,-0.11072294313749731,-0.21880000000000005,2.045710352941176,0.396498167515145,0.9987812304940268,-0.19502864580036913,0.32550000000000023
45056,28.6,36,-0.06986797127275217,-0.06740447629416028,0.1896105076013797,-0.3266882289352765,-0.02868486117376262,1.174444444444445,110.66666666666667,-0.19233503920441203,-0.1153794007221069,-0.27017777777777785,1.7898319166666665,0.373132406039751,0.9924342715823544,-0.2012519524812579,0.33200000000000013
49152,31.3,44,-0.0648512974677622,-0.06571783388539858,0.3818552503255901,-0.30794216440839545,-0.026380331576284912,1.047045454545455,101.18181818181819,-0.19032008059203534,-0.10046692376307234,-0.2846727272727273,1.8304585681818184,0.3826330418265704,0.9378644360516372,-0.18213372812448847,0.3035454545454548
53248,34.3,38,-0.06575441640410531,-0.06124669589713402,0.35540018192591366,-0.308811712121765,-0.028702158834535384,1.0771052631578955,102.6842105263158,-0.18654692459030764,-0.10167967987017205,-0.28728421052631586,1.802590184210526,0.34190471084900986,0.9393117172250322,-0.17915860637507272,0.3080526315789476
57344,36.8,37,-0.06823758786411906,-0.06384830484369722,0.5581547533369271,-0.31143287694964966,-0.029338430817371905,1.1208108108108115,105.43243243243244,-0.19326807521519251,-0.11187046167064714,-0.2425513513513514,2.1901046486486493,0.3763041377484099,1.0182029982236886,-0.17911835773567558,0.3162972972972975
61440,39.5,35,-0.0795457868160242,-0.06411727511893883,0.5872254679405542,-0.36178447462039104,-0.033017490795849744,1.3351428571428576,123.17142857142858,-0.19462155850659474,-0.12289384192804807,-0.2833828571428572,2.5878174571428576,0.44305867899489404,1.2101137933471784,-0.217874333371855,0.36951428571428596
65536,42.0,42,-0.06530017374535638,-0.06492971818328497,0.607417939132915,-0.3014589009765401,-0.030254360202675683,1.0657142857142863,101.28571428571429,-0.18437008934611793,-0.09930856890252639,-0.2543238095238095,2.107993904761905,0.3622114808771456,0.9482910779758926,-0.1795523658846029,0.3038571428571431
69632,44.6,39,-0.0659690782339116,-0.06076380249527549,0.5442919767308153,-0.30561134028968984,-0.028965025056764293,1.0848717948717954,101.53846153846153,-0.1947963254909313,-0.101761218835118,-0.26278974358974366,2.1118211025641025,0.3700215300338415,0.9932608414713502,-0.16458380101226014,0.30461538461538484
73728,47.2,42,-0.06676800436379274,-0.06912668335282365,0.4914822590963667,-0.3061321792228653,-0.029193920906912127,1.0959523809523815,102.85714285714286,-0.20059140087915447,-0.10068439604474413,-0.24605714285714286,2.0377814047619047,0.362576714047116,0.9655333863027192,-0.1677810394862478,0.3085714285714288
77824,49.8,37,-0.06771454086140524,-0.06418778658679411,0.365455097445866,-0.3138953444719691,-0.028963380710662835,1.0754054054054059,103.16216216216216,-0.19229378069508002,-0.11370584517353817,-0.21539459459459465,1.900015324324324,0.3721510468736257,0.9613725954403413,-0.18769999884596694,0.30948648648648663
81920,52.4,33,-0.07365292359895531,-0.06658045783910946,0.7547800551768934,-0.34156058073878265,-0.03323352044551034,1.183636363636364,113.42424242424242,-0.19632938891025975,-0.12213729183745207,-0.24261818181818184,2.5590143939393935,0.4010084319147099,1.1430706326419176,-0.18764154390923293,0.34027272727272756
86016,54.9,40,-0.07001202000760268,-0.06919027635528378,0.48800417611622826,-0.3187042592332867,-0.031221711179564394,1.1382500000000007,108.275,-0.20006992925152808,-0.10660245840864264,-0.2922,2.1061739,0.39274901163538944,1.0305315730835987,-0.18018524473911715,0.32482500000000025
90112,57.4,39,-0.06940168764631421,-0.06353371896554663,0.7724923475340356,-0.3111178870104604,-0.030330116702251147,1.1335897435897444,106.56410256410257,-0.19701244872213028,-0.11332644606704359,-0.22490256410256415,2.510584179487179,0.3876973209124884,1.0922071480105249,-0.18546978195748665,0.3196923076923079
94208,60.1,36,-0.06532890578228688,-0.06508888561008945,0.6615170353354862,-0.30069835118625615,-0.029476276241056715,1.063888888888889,100.75,-0.20007873627633896,-0.10744152515055387,-0.24988888888888885,2.176296611111111,0.34626964354433276,0.9893653312977041,-0.16899270159517465,0.30225000000000024
98304,63.0,34,-0.08434574449066139,-0.06855625645374401,0.8067790289672847,-0.37072602925684717,-0.03764546686328527,1.3785294117647053,128.44117647058823,-0.2047337325273296,-0.13631137952292813,-0.29011764705882354,2.9597966764705883,0.4672059967111402,1.338082070974622,-0.2236871214047173,0.385323529411765
102400,65.6,29,-0.09648265584093382,-0.07149691442370563,0.6492381750864357,-0.4090023700195829,-0.04548973578729028,1.6141379310344817,147.31034482758622,-0.20621172278361743,-0.1444864579715751,-0.2588137931034483,3.3826562758620686,0.5682051193850832,1.5821525260783131,-0.24102492951115045,0.44193103448275894
106496,68.1,36,-0.07736862991055062,-0.0681455201975037,0.6636177197043288,-0.3362871565376173,-0.034385863169401315,1.281666666666667,118.41666666666667,-0.2039606907681206,-0.1177211601445979,-0.2751555555555556,2.6403745833333336,0.4337644042110788,1.2089038466371864,-0.18980345635325427,0.35525000000000023
110592,70.7,37,-0.07105879994502752,-0.0633307637144433,0.5493249854949984,-0.32321021872061284,-0.03400535008388001,1.1910810810810821,109.70270270270271,-0.19354595140702152,-0.10432106457278463,-0.2686702702702702,2.3431357297297297,0.40603400189685934,1.0915559621128075,-0.165825988032822,0.3291081081081083
114688,73.2,33,-0.07217325693098092,-0.06844993876598511,0.8017082234311643,-0.31766674252832605,-0.03571379730292155,1.171212121212122,109.21212121212122,-0.1931724247615434,-0.11413452092040549,-0.27985454545454547,2.5478874242424245,0.3978190588534381,1.1133957945626043,-0.1827189429291524,0.3276363636363639
118784,75.7,32,-0.09410731905787671,-0.06866993040884917,0.654754051273457,-0.38266306825123975,-0.04512647774522731,1.5212500000000002,142.15625,-0.2084659427555603,-0.1410214656478846,-0.31867500000000004,3.1298385,0.5194905816982962,1.5011856899436526,-0.2345812726318254,0.42646875000000034
122880,78.2,29,-0.07837988317750634,-0.06042339547597604,0.6641032691339093,-0.3317038761047188,-0.037258167464551996,1.274827586206897,119.27586206896552,-0.20239772554423244,-0.11644459956399605,-0.3058758620689655,2.589655034482759,0.4284348081602715,1.1820599937645206,-0.18511471460472204,0.3578275862068968
126976,80.7,33,-0.09175572582911455,-0.06769744509875711,0.7075687974784647,-0.3703487807557793,-0.04248354415969773,1.4963636363636361,138.0,-0.20004678436513013,-0.13999305632514178,-0.30928484848484844,3.195484303030303,0.535263823846345,1.4707924519864688,-0.2068942812819583,0.4140000000000003
131072,83.4,26,-0.09662139672842927,-0.06481180695043319,0.6460483520167611,-0.3938580807582928,-0.04599651559243186,1.5703846153846146,146.26923076923077,-0.20730954376491814,-0.1452280496103318,-0.32898461538461543,3.2172781538461543,0.5485780887770109,1.5082013487396397,-0.21193182909349564,0.4388076923076926
135168,86.2,22,-0.11366044141406804,-0.06274369300371281,0.5599180483175632,-0.4463605020468874,-0.05543928686560255,1.9754545454545416,172.6818181818182,-0.19952970184343852,-0.1683293739924469,-0.31621818181818184,3.9544055909090914,0.6204064112303235,1.8850352314393335,-0.24217293517842797,0.518045454545454
139264,88.7,31,-0.09808068777787211,-0.07151994100472098,0.624508798256096,-0.395582906472499,-0.04632136255937503,1.6170967741935476,147.0,-0.20436902056486314,-0.1429859280346433,-0.28108387096774196,3.356085225806452,0.556327734535136,1.5751291841548611,-0.21803360386204956,0.44100000000000017
143360,91.3,34,-0.08041647591714335,-0.06456952643275965,0.6764480455244213,-0.33974885210264893,-0.039236474660653976,1.3214705882352946,121.8529411764706,-0.19905769681183383,-0.12467143363849514,-0.3195764705882353,2.6906690294117643,0.4582582053027354,1.2249312190895592,-0.1887208328424761,0.365558823529412
147456,93.8,24,-0.10543435591698654,-0.06636259167438914,0.4835510292753651,-0.42556662394894057,-0.05089971103916424,1.7512499999999989,157.08333333333334,-0.20065758845780812,-0.14751478688232997,-0.33680000000000004,3.3630394999999997,0.6068687028353554,1.6255231071829819,-0.2421677818297936,0.4712500000000002
151552,96.4,28,-0.10223138358921427,-0.06035147291506893,0.5454296004581728,-0.408429512137371,-0.050646021550725076,1.67642857142857,154.17857142857142,-0.19522643297267941,-0.15508791890648532,-0.40708571428571433,3.2815742857142856,0.5732610324888257,1.6239266765041367,-0.2209489583271278,0.46253571428571405
155648,98.9,21,-0.10607456309780415,-0.06388133983601978,0.8327657843321861,-0.4064640160196362,-0.05263682937897848,1.7199999999999982,156.9047619047619,-0.19709883781089962,-0.14841727980527872,-0.3969904761904762,3.71079780952381,0.60084589567552,1.6814327484121367,-0.22339745892133636,0.470714285714286
159744,101.4,32,-0.10674894165008725,-0.06170197755903935,0.4855083833825592,-0.4125379097139912,-0.052638641541771586,1.7596874999999979,156.65625,-0.1944896497642989,-0.15667403165195243,-0.423775,3.2618385625000004,0.6005203000319064,1.5693050720828583,-0.21458530919180913,0.4699687499999998
163840,103.9,26,-0.09336776491716162,-0.06786959559329238,0.6118080878332361,-0.3827438048356336,-0.047268611861605546,1.5603846153846144,139.3846153846154,-0.2012800803792151,-0.14625773058478903,-0.32193846153846156,3.084052038461538,0.5425890740367632,1.4013707874515877,-0.18952835572775212,0.41815384615384615
167936,106.3,24,-0.1105156500987423,-0.06455490162652415,0.9692507106937459,-0.4332459797350456,-0.056131374438709386,1.8220833333333315,162.95833333333334,-0.19846955791429036,-0.16683007042436815,-0.4096,3.8755740833333334,0.607332562400062,1.6660959269709472,-0.23871589576915128,0.4888749999999999
172032,109.3,21,-0.13099130820960644,-0.06836543318847899,0.6503351126294571,-0.48163010482482005,-0.07228562799486642,2.1728571428571373,193.42857142857142,-0.20674066708842312,-0.19006391001439985,-0.37912380952380953,4.348412619047618,0.7070078315853279,2.028824806452028,-0.26169705675639776,0.5802857142857137
176128,111.8,29,-0.10857844619475042,-0.06025441861839003,0.820885741568173,-0.4251771767017471,-0.055648549953225636,1.759310344827585,160.31034482758622,-0.19759357491905993,-0.15067838083648252,-0.4052689655172414,3.706883034482759,0.5849034252479699,1.6846976542179168,-0.22064566241616473,0.4809310344827587
180224,114.2,24,-0.11958008108483136,-0.05783442916299525,0.8466610781924145,-0.4488146251412659,-0.06552102441426376,1.917499999999997,175.625,-0.2028460292493599,-0.1734403681891321,-0.3751333333333335,4.201324916666667,0.6614486674089105,1.927425884728013,-0.23541574303582977,0.5268750000000001
184320,116.7,18,-0.11406236347093454,-0.06523375133402265,1.0490124325612795,-0.42505759647688757,-0.06707680499149152,1.8444444444444434,168.72222222222223,-0.19525635009590125,-0.16487966479996755,-0.45017777777777784,4.163598888888888,0.6417242829004576,1.8367295717889074,-0.23273427183640516,0.5061666666666668
188416,119.1,26,-0.12965759081315273,-0.06270837728078077,1.0453607208119804,-0.4818710189579499,-0.07197334540078772,2.105384615384611,189.26923076923077,-0.2025178816886419,-0.20082596976283654,-0.4728923076923077,4.529735961538462,0.7059074256447175,1.9892953134321556,-0.2615733194246255,0.5678076923076922
192512,121.6,19,-0.1307835582541891,-0.06818125225936118,0.744066513431462,-0.46374374870474694,-0.07283432781522366,2.0921052631578902,190.26315789473685,-0.21811714686831907,-0.18931427083969013,-0.45212631578947365,4.360621631578947,0.7333569425019629,2.0910662543441574,-0.2756621852022257,0.57078947368421
196608,124.1,23,-0.13563562310850386,-0.06904970029313652,0.9854879894121843,-0.4751472896110997,-0.06928584210747268,2.180869565217388,195.47826086956522,-0.20078251013701987,-0.19312403337207576,-0.4692521739130435,4.756180695652175,0.7563286081488291,2.1194300773895556,-0.2600931337545085,0.5864347826086952
200704,126.5,13,-0.1522857446932263,-0.06119990767330981,1.061669404353083,-0.5456994664182605,-0.08886494720436795,2.543076923076915,225.23076923076923,-0.20165744845103956,-0.2165787868848882,-0.6102153846153846,5.343788692307692,0.8649802747760714,2.374757317898916,-0.29988584104999316,0.6756923076923063
204800,129.0,21,-0.17216138268539904,-0.06872249980814484,0.6666948347406557,-0.5905373601369746,-0.09662571511464778,2.906666666666656,251.61904761904762,-0.20597593015880994,-0.24648913531299524,-0.5295238095238096,5.886920476190475,0.9673511535498046,2.8138226949619742,-0.31243617464717854,0.7548571428571414
208896,131.8,22,-0.11461029044578291,-0.07124154371921358,0.8407996513058997,-0.4051310352402707,-0.05872641845899407,1.886363636363634,167.63636363636363,-0.203319950670536,-0.16169673236807924,-0.3824363636363637,4.015286727272727,0.6499519310360299,1.753829126867405,-0.22140429814868642,0.5029090909090909
